Time,FSR Reading
1748626923.87855,484
1748626923.8804786,487
1748626923.8828764,488
1748626923.94729,489
1748626924.0476935,490
1748626924.1479433,491
1748626924.248494,492
1748626924.3487103,493
1748626924.449276,494
1748626924.5500436,495
1748626924.6498992,496
1748626924.7501092,497
1748626924.850651,498
1748626924.9509776,499
1748626925.0513303,500
1748626925.1517622,500
1748626925.2520194,501
1748626925.3527994,502
1748626925.4528027,503
1748626925.5532086,503
1748626925.6535547,504
1748626925.7538676,505
1748626925.8542807,506
1748626925.954626,506
1748626926.0549586,507
1748626926.1554008,508
1748626926.2560096,509
1748626926.3561559,510
1748626926.4564033,511
1748626926.5572176,511
1748626926.657562,512
1748626926.7575495,515
1748626926.8579733,514
1748626926.9583747,515
1748626927.058683,517
1748626927.1591327,517
1748626927.2595444,518
1748626927.3600693,520
1748626927.46026,521
1748626927.5605333,516
1748626927.6609862,516
1748626927.761333,507
1748626927.8617282,475
1748626927.962111,489
1748626928.0624495,445
1748626928.1633325,415
1748626928.2646344,1023
1748626928.3649745,1022
1748626928.465531,1023
1748626928.565367,1023
1748626928.6660676,1023
1748626928.7662935,1022
1748626928.8667154,1023
1748626928.9671133,1023
1748626929.0675442,1023
1748626929.1679292,1023
1748626929.2687156,1023
1748626929.3690503,1023
1748626929.4695551,1023
1748626929.570135,1001
1748626929.669334,997
1748626929.7698443,966
1748626929.8697445,942
1748626929.9703133,965
1748626930.0704844,979
1748626930.1708314,967
1748626930.2711318,986
1748626930.3715246,975
1748626930.4718938,971
1748626930.5724313,959
1748626930.672723,962
1748626930.773056,952
1748626930.874412,1001
1748626930.974894,1023
1748626931.074302,995
1748626931.174717,998
1748626931.2749453,985
1748626931.3753555,987
1748626931.4757557,984
1748626931.575993,983
1748626931.676431,980
1748626931.776858,973
1748626931.8772771,969
1748626931.977619,988
1748626932.0789912,1007
1748626932.1794484,1010
1748626932.2798135,1006
1748626932.3801649,1023
1748626932.4806316,1023
1748626932.5810502,1007
1748626932.6814332,1005
1748626932.7818122,1000
1748626932.881268,990
1748626932.9816217,982
1748626933.0820434,975
1748626933.1823838,982
1748626933.282717,957
1748626933.3830435,934
1748626933.4835317,932
1748626933.58377,929
1748626933.6841846,929
1748626933.7848618,933
1748626933.885081,928
1748626933.9854321,928
1748626934.0857995,928
1748626934.1863298,926
1748626934.2865222,923
1748626934.3871713,927
1748626934.4872088,935
1748626934.587598,939
1748626934.6878495,939
1748626934.7883167,943
1748626934.8886564,945
1748626934.9889822,943
1748626935.0894125,935
1748626935.1897025,935
1748626935.2901375,935
1748626935.3906097,935
1748626935.4909728,937
1748626935.5913267,938
1748626935.691701,940
1748626935.7922077,941
1748626935.8925834,942
1748626935.9927325,942
1748626936.0931387,941
1748626936.1935322,944
1748626936.2938643,940
1748626936.3943639,941
1748626936.494581,939
1748626936.5949106,933
1748626936.6953337,936
1748626936.7956564,934
1748626936.896232,932
1748626936.996507,931
1748626937.0968444,930
1748626937.1971958,924
1748626937.2976155,922
1748626937.3980176,923
1748626937.4981663,922
1748626937.5986726,918
1748626937.699116,911
1748626937.7995074,909
1748626937.900136,908
1748626938.0007894,906
1748626938.10068,904
1748626938.200788,904
1748626938.301299,903
1748626938.402012,902
1748626938.5025747,901
1748626938.6028993,900
1748626938.703361,899
1748626938.8031588,898
1748626938.9036016,896
1748626939.0038764,895
1748626939.1042264,894
1748626939.2047715,894
1748626939.3050194,892
1748626939.4054003,891
1748626939.5056949,890
1748626939.606614,888
1748626939.7071152,888
1748626939.807273,886
1748626939.9077363,885
1748626940.0081823,884
1748626940.1085014,882
1748626940.2087212,881
1748626940.3091776,880
1748626940.4090028,879
1748626940.5094023,878
1748626940.6098685,877
1748626940.7102113,875
1748626940.8105738,875
1748626940.9113815,873
1748626941.0112119,873
1748626941.1116173,872
1748626941.212071,871
1748626941.312493,870
1748626941.4126728,869
1748626941.5130372,868
1748626941.613587,867
1748626941.714207,865
1748626941.8143125,863
1748626941.9147193,859
1748626942.0150123,853
1748626942.1152215,847
1748626942.2157354,826
1748626942.3170385,1023
1748626942.4174702,1023
1748626942.5178807,1023
1748626942.6172895,900
1748626942.7176783,900
1748626942.8179631,895
1748626942.9183416,890
1748626943.0187774,885
1748626943.1192267,883
1748626943.219574,873
1748626943.3199494,867
1748626943.42019,827
1748626943.5205376,776
1748626943.6210473,767
1748626943.7215052,771
1748626943.8217006,780
1748626943.9222229,789
1748626944.0224752,799
1748626944.122906,814
1748626944.2233,823
1748626944.3237455,826
1748626944.4240303,827
1748626944.524312,831
1748626944.6248355,832
1748626944.7251325,831
1748626944.825561,831
1748626944.9259512,832
1748626945.02614,832
1748626945.1266508,832
1748626945.2269964,833
1748626945.3273807,832
1748626945.4276686,829
1748626945.5279627,829
1748626945.628594,829
1748626945.7288058,832
1748626945.8292105,850
1748626945.9296865,879
1748626946.0310452,1023
1748626946.1313589,1022
1748626946.231812,1022
1748626946.3321447,1023
1748626946.4325128,1023
1748626946.5320082,884
1748626946.63233,875
1748626946.7327194,875
1748626946.8331022,873
1748626946.9335237,871
1748626947.033821,869
1748626947.1340404,866
1748626947.234655,862
1748626947.3349175,858
1748626947.4353004,854
1748626947.5359113,846
1748626947.6362495,832
1748626947.7363396,825
1748626947.83677,827
1748626947.9370112,839
1748626948.0378702,856
1748626948.1377857,873
1748626948.2382376,877
1748626948.3386695,883
1748626948.438951,889
1748626948.5396802,894
1748626948.6398034,900
1748626948.7401085,907
1748626948.840555,909
1748626948.9409418,910
1748626949.0413058,916
1748626949.1416392,921
1748626949.2419024,915
1748626949.3424683,911
1748626949.442696,881
1748626949.5437434,881
1748626949.644059,911
1748626949.744271,911
1748626949.8443074,853
1748626949.9446461,851
1748626950.0450864,854
1748626950.1453109,962
1748626950.2469194,1022
1748626950.3471978,1023
1748626950.4466233,985
1748626950.546946,899
1748626950.6472905,897
1748626950.7476447,939
1748626950.8490434,1023
1748626950.9495268,1023
1748626951.0498302,1022
1748626951.1501937,1023
1748626951.2507434,1023
1748626951.350084,843
1748626951.4504995,831
1748626951.5510576,830
1748626951.6511762,830
1748626951.7514393,832
1748626951.8519125,833
1748626951.9522927,835
1748626952.0525708,836
1748626952.152897,836
1748626952.2535334,837
1748626952.3537967,837
1748626952.4541032,837
1748626952.554346,837
1748626952.6549313,836
1748626952.7552218,835
1748626952.8556714,835
1748626952.9559553,835
1748626953.0563054,834
1748626953.1567168,833
1748626953.2571476,833
1748626953.3575273,832
1748626953.4577525,832
1748626953.5582104,831
1748626953.6585875,830
1748626953.7588563,829
1748626953.8593566,829
1748626953.9596958,828
1748626954.0600035,827
1748626954.1605039,826
1748626954.2607698,826
1748626954.3611538,825
1748626954.4615178,825
1748626954.5619433,823
1748626954.6623402,823
1748626954.7627234,822
1748626954.862898,820
1748626954.963296,820
1748626955.0637846,819
1748626955.1641364,818
1748626955.2644196,818
1748626955.3648727,817
1748626955.4651809,816
1748626955.565637,816
1748626955.666581,815
1748626955.76656,814
1748626955.8669446,814
1748626955.967169,814
1748626956.0678647,814
1748626956.1683178,813
1748626956.2681165,812
1748626956.3687003,811
1748626956.4688768,811
1748626956.5696597,810
1748626956.6695879,809
1748626956.7699606,809
1748626956.8704126,809
1748626956.9710193,808
1748626957.0710287,807
1748626957.1717484,806
1748626957.2723103,806
1748626957.372517,805
1748626957.4727273,805
1748626957.5730503,805
1748626957.6737568,805
1748626957.7741063,805
1748626957.8744602,806
1748626957.9745848,808
1748626958.0748959,809
1748626958.1750915,811
1748626958.2755637,810
1748626958.375849,812
1748626958.4762897,829
1748626958.576805,835
1748626958.6771069,844
1748626958.7776778,846
1748626958.8778636,847
1748626958.9781246,849
1748626959.078594,849
1748626959.178953,845
1748626959.279312,844
1748626959.379716,835
1748626959.4799693,831
1748626959.5804129,830
1748626959.6807783,827
1748626959.7812097,826
1748626959.881505,818
1748626959.9818063,804
1748626960.0822213,799
1748626960.1826806,792
1748626960.2830398,774
1748626960.3834112,739
1748626960.483837,732
1748626960.5841107,744
1748626960.684503,798
1748626960.7851334,810
1748626960.885224,836
1748626960.985627,805
1748626961.0859346,782
1748626961.1862764,776
1748626961.2866457,779
1748626961.3880768,1023
1748626961.488564,1023
1748626961.588823,1023
1748626961.6892352,1023
1748626961.7896483,1023
1748626961.8890314,976
1748626961.9896643,978
1748626962.0908828,1023
1748626962.1911752,1023
1748626962.2918212,1023
1748626962.3921704,1023
1748626962.4925892,1020
1748626962.593684,1018
1748626962.6936035,1008
1748626962.7942145,1000
1748626962.893361,987
1748626962.9938679,976
1748626963.0938673,970
1748626963.1947484,964
1748626963.2947905,956
1748626963.3952916,948
1748626963.4955187,942
1748626963.5963004,940
1748626963.696507,938
1748626963.7967994,933
1748626963.8975532,929
1748626963.9971275,929
1748626964.0976365,939
1748626964.1979973,941
1748626964.2983167,939
1748626964.3990128,937
1748626964.4990172,938
1748626964.59946,940
1748626964.6997886,940
1748626964.800197,941
1748626964.9006417,940
1748626965.0008745,938
1748626965.1013238,937
1748626965.2016478,935
1748626965.3020868,934
1748626965.4024026,932
1748626965.50279,931
1748626965.6033273,929
1748626965.7035766,927
1748626965.8039145,926
1748626965.9042377,924
1748626966.004682,924
1748626966.1050003,923
1748626966.2053864,922
1748626966.3058534,921
1748626966.406034,919
1748626966.506526,918
1748626966.606908,917
1748626966.7071917,917
1748626966.807781,657
1748626966.9080245,648
1748626967.0082483,652
1748626967.1087484,654
1748626967.209054,656
1748626967.3093922,656
1748626967.4098864,657
1748626967.5100896,658
1748626967.6106467,659
1748626967.7108567,661
1748626967.8112626,661
1748626967.9116335,662
1748626968.0120652,662
1748626968.1122944,663
1748626968.2128325,664
1748626968.3131168,664
1748626968.413916,665
1748626968.513848,665
1748626968.6142855,666
1748626968.714728,666
1748626968.8150172,667
1748626968.9154086,667
1748626969.0156806,668
1748626969.1161714,668
1748626969.2165363,669
1748626969.316908,669
1748626969.417191,669
1748626969.5175562,670
1748626969.6179123,670
1748626969.718302,672
1748626969.8187003,685
1748626969.9190197,697
1748626970.0194523,697
1748626970.1197906,735
1748626970.2202532,764
1748626970.3206692,786
1748626970.4208128,801
1748626970.5225399,1023
1748626970.6227384,1023
1748626970.7231998,1023
1748626970.8235917,1022
1748626970.9239218,1023
1748626971.024515,1022
1748626971.124732,1022
1748626971.2252495,1022
1748626971.3256488,1023
1748626971.426066,1023
1748626971.5263612,1023
1748626971.6258574,992
1748626971.7262378,967
1748626971.826648,926
1748626971.926878,915
1748626972.0272288,891
1748626972.1277397,871
1748626972.227936,819
1748626972.3285499,799
1748626972.4291372,795
1748626972.5292587,783
1748626972.6296458,780
1748626972.729943,780
1748626972.8301775,780
1748626972.9306161,780
1748626973.031021,780
1748626973.131278,780
1748626973.2318985,780
1748626973.332511,780
1748626973.4326541,780
1748626973.533243,780
1748626973.633499,780
1748626973.7337034,780
1748626973.833977,779
1748626973.9343705,779
1748626974.034725,779
1748626974.1349292,779
1748626974.235274,779
1748626974.3358567,779
1748626974.4362035,778
1748626974.537132,779
1748626974.6368766,779
1748626974.7373543,778
1748626974.8377066,778
1748626974.9380486,778
1748626975.0384588,778
1748626975.138788,778
1748626975.2390287,777
1748626975.33947,778
1748626975.4398878,778
1748626975.5402086,777
1748626975.6406825,776
1748626975.7410698,776
1748626975.8414488,776
1748626975.941814,775
1748626976.0421307,775
1748626976.1425915,775
1748626976.2429142,775
1748626976.343351,774
1748626976.443718,774
1748626976.5438726,774
1748626976.6444457,773
1748626976.744725,773
1748626976.8450918,772
1748626976.9455187,772
1748626977.045866,771
1748626977.146237,771
1748626977.246506,771
1748626977.346948,771
1748626977.4473672,770
1748626977.5476787,770
1748626977.6480768,770
1748626977.748495,770
1748626977.8488727,769
1748626977.9491773,768
1748626978.049887,768
1748626978.1499746,768
1748626978.250456,768
1748626978.3507235,768
1748626978.4510343,767
1748626978.5514514,767
1748626978.6517742,767
1748626978.7521427,766
1748626978.8525743,766
1748626978.952732,766
1748626979.0537703,765
1748626979.1537192,765
1748626979.2538922,765
1748626979.354408,765
1748626979.4548645,765
1748626979.5556166,764
1748626979.6553946,764
1748626979.7558022,764
1748626979.8562238,764
1748626979.9565988,763
1748626980.0567763,763
1748626980.1574242,763
1748626980.2577221,763
1748626980.357928,763
1748626980.4584208,762
1748626980.5587661,762
1748626980.6590636,762
1748626980.7597425,762
1748626980.8598943,761
1748626980.9601665,761
1748626981.0608604,760
1748626981.1610982,760
1748626981.261344,760
1748626981.3617458,759
1748626981.4621668,759
1748626981.562585,758
1748626981.6632028,758
1748626981.7633533,758
1748626981.863683,758
1748626981.9639482,757
1748626982.0643108,757
1748626982.164768,756
1748626982.2650251,756
1748626982.3656006,756
1748626982.465757,755
1748626982.5661573,755
1748626982.6665788,755
1748626982.766953,755
1748626982.867324,754
1748626982.9675932,754
1748626983.0679462,754
1748626983.16846,754
1748626983.2687662,754
1748626983.3690548,754
1748626983.4695146,753
1748626983.5697668,753
1748626983.670315,753
1748626983.7705936,753
1748626983.8710854,753
1748626983.9713845,753
1748626984.071664,752
1748626984.1721053,752
1748626984.272528,752
1748626984.3729606,752
1748626984.4731886,752
1748626984.5736742,752
1748626984.674057,752
1748626984.7744153,751
1748626984.8751638,751
1748626984.975105,751
1748626985.0755284,751
1748626985.1758482,750
1748626985.276204,750
1748626985.376653,750
1748626985.4768422,750
1748626985.5773215,749
1748626985.6776793,749
1748626985.7781143,749
1748626985.8784914,749
1748626985.978704,748
1748626986.0791185,748
1748626986.1795747,748
1748626986.27984,747
1748626986.380098,748
1748626986.4805472,747
1748626986.5809443,747
1748626986.6814203,747
1748626986.7817512,746
1748626986.8821023,746
1748626986.9825284,747
1748626987.0829556,746
1748626987.183396,746
1748626987.2836177,746
1748626987.3838801,745
1748626987.4844472,745
1748626987.5847607,745
1748626987.6851277,745
1748626987.7856014,745
1748626987.8859246,745
1748626987.9862044,744
1748626988.0865893,744
1748626988.186916,744
1748626988.287385,744
1748626988.387724,744
1748626988.487993,744
1748626988.588453,744
1748626988.688856,744
1748626988.7892234,744
1748626988.889533,744
1748626988.9899259,744
1748626989.0902998,744
1748626989.1906576,744
1748626989.2909925,743
1748626989.3913617,745
1748626989.4917212,745
1748626989.5921626,744
1748626989.6925342,744
1748626989.7929153,743
1748626989.893314,743
1748626989.9935923,744
1748626990.094039,744
1748626990.1942077,744
1748626990.2947667,743
1748626990.3950937,743
1748626990.4954379,741
1748626990.5958633,741
1748626990.6962929,741
1748626990.7966616,740
1748626990.8969421,740
1748626990.997291,739
1748626991.0976298,739
1748626991.1980708,739
1748626991.2984555,738
1748626991.399389,737
1748626991.499527,738
1748626991.5995674,737
1748626991.6999152,737
1748626991.800298,737
1748626991.9006817,737
1748626992.0009267,737
1748626992.1013753,737
1748626992.2016134,736
1748626992.301942,736
1748626992.4025292,736
1748626992.5028358,736
1748626992.6032815,736
1748626992.7036138,735
1748626992.803959,735
1748626992.9042969,735
1748626993.0046842,736
1748626993.1051366,736
1748626993.2055266,736
1748626993.3058167,736
1748626993.4062812,736
1748626993.5065649,736
1748626993.6069055,736
1748626993.7075365,736
1748626993.8078465,736
1748626993.9080148,735
1748626994.0084357,735
1748626994.1088202,735
1748626994.2091758,735
1748626994.3099198,734
1748626994.409818,734
1748626994.5103662,734
1748626994.6106157,734
1748626994.7110085,734
1748626994.811269,734
1748626994.911807,734
1748626995.01229,733
1748626995.1130369,733
1748626995.2130952,733
1748626995.313555,733
1748626995.4134703,732
1748626995.5140576,732
1748626995.6143584,731
1748626995.7147963,731
1748626995.8149161,731
1748626995.9153652,731
1748626996.016019,730
1748626996.1162674,730
1748626996.2167726,730
1748626996.3171325,730
1748626996.417156,730
1748626996.5179057,730
1748626996.6179888,730
1748626996.7183583,729
1748626996.818663,729
1748626996.9191287,729
1748626997.0195315,729
1748626997.1198177,729
1748626997.2205484,729
1748626997.3204951,729
1748626997.4208593,729
1748626997.5212598,729
1748626997.62179,729
1748626997.7219915,729
1748626997.82238,729
1748626997.922747,729
1748626998.0232818,729
1748626998.1234956,730
1748626998.2240207,729
1748626998.3243258,729
1748626998.4246078,729
1748626998.5250103,729
1748626998.625341,729
1748626998.7257931,729
1748626998.826047,729
1748626998.9265072,729
1748626999.0269961,729
1748626999.1273775,729
1748626999.228106,729
1748626999.328014,728
1748626999.4285364,728
1748626999.5287662,728
1748626999.6291437,728
1748626999.729612,727
1748626999.8298573,727
1748626999.9306107,727
1748627000.030611,727
1748627000.1309898,726
1748627000.2313633,726
1748627000.3316836,726
1748627000.4320948,726
1748627000.5325396,726
1748627000.632828,725
1748627000.733286,725
1748627000.8335686,725
1748627000.9339213,725
1748627001.034341,725
1748627001.1346745,725
1748627001.2350564,725
1748627001.3354056,725
1748627001.4356794,725
1748627001.5360873,724
1748627001.6364748,725
1748627001.7369673,724
1748627001.837237,724
1748627001.937538,724
1748627002.0380077,725
1748627002.138405,725
1748627002.2387848,725
1748627002.3389714,725
1748627002.4393966,725
1748627002.5399086,725
1748627002.640242,725
1748627002.7406113,725
1748627002.8408487,725
1748627002.9413204,725
1748627003.041595,725
1748627003.1419291,725
1748627003.242479,725
1748627003.342772,725
1748627003.4430406,725
1748627003.5435035,725
1748627003.643847,725
1748627003.7442482,725
1748627003.8444617,724
1748627003.9450076,724
1748627004.0454004,724
1748627004.1457725,724
1748627004.2460601,724
1748627004.3466003,724
1748627004.4468846,723
1748627004.5472412,723
1748627004.647484,723
1748627004.7479463,722
1748627004.848372,722
1748627004.9487617,722
1748627005.0491397,722
1748627005.1494634,722
1748627005.249799,722
1748627005.3503237,722
1748627005.4505656,721
1748627005.551073,721
1748627005.6513157,721
1748627005.7516723,721
1748627005.8521533,721
1748627005.9523914,721
1748627006.0527563,721
1748627006.1532328,721
1748627006.2535043,721
1748627006.3538566,721
1748627006.4543185,721
1748627006.5546768,721
1748627006.6549253,721
1748627006.7553976,721
1748627006.8556342,721
1748627006.9561193,721
1748627007.0565557,721
1748627007.1567657,721
1748627007.257287,721
1748627007.3575246,721
1748627007.4579456,721
1748627007.5583234,721
1748627007.658679,721
1748627007.759017,721
1748627007.859342,721
1748627007.959849,721
1748627008.0603151,721
1748627008.1611745,721
1748627008.2613957,721
1748627008.3613317,721
1748627008.461636,721
1748627008.5621197,721
1748627008.6623838,720
1748627008.7627864,720
1748627008.8631268,720
1748627008.9634864,720
1748627009.0640814,719
1748627009.1643095,719
1748627009.2645595,719
1748627009.364969,719
1748627009.465319,719
1748627009.56582,719
1748627009.6660962,719
1748627009.7664955,719
1748627009.8668332,718
1748627009.9672303,718
1748627010.0676467,718
1748627010.1678667,718
1748627010.2683015,718
1748627010.3687508,718
1748627010.469119,718
1748627010.569592,718
1748627010.6697896,718
1748627010.7702053,718
1748627010.8704631,718
1748627010.9708655,718
1748627011.0713966,718
1748627011.1716042,718
1748627011.2720525,718
1748627011.3724163,719
1748627011.4726987,719
1748627011.5730584,719
1748627011.673462,719
1748627011.7737854,719
1748627011.874288,719
1748627011.9745753,719
1748627012.075035,719
1748627012.175334,719
1748627012.2757604,719
1748627012.3760054,719
1748627012.4765463,719
1748627012.5768342,719
1748627012.6772068,719
1748627012.7779279,719
1748627012.8779538,719
1748627012.97838,719
1748627013.0787256,719
1748627013.1790628,719
1748627013.279476,719
1748627013.3798516,719
1748627013.4802017,718
1748627013.5805607,718
1748627013.6808164,718
1748627013.7813556,718
1748627013.8816519,718
1748627013.9820244,718
1748627014.0823817,718
1748627014.1826386,718
1748627014.2833135,717
1748627014.3835554,718
1748627014.483909,717
1748627014.584287,717
1748627014.6846309,717
1748627014.7849524,717
1748627014.8852546,717
1748627014.9857652,717
1748627015.0860403,717
1748627015.1864402,717
1748627015.286839,717
1748627015.3871992,717
1748627015.4874454,717
1748627015.5879347,717
1748627015.6883671,718
1748627015.7886753,718
1748627015.8890803,717
1748627015.9894316,718
1748627016.0899408,718
1748627016.1900973,718
1748627016.2906582,718
1748627016.3909633,718
1748627016.491362,718
1748627016.5916314,718
1748627016.6922565,719
1748627016.7924604,718
1748627016.8927984,719
1748627016.993435,719
1748627017.0935354,719
1748627017.1938186,718
1748627017.2942615,718
1748627017.3946476,718
1748627017.4952815,718
1748627017.5952995,718
1748627017.6958022,718
1748627017.7961874,718
1748627017.8964972,718
1748627017.9969382,718
1748627018.097285,718
1748627018.1976233,717
1748627018.2979648,717
1748627018.3983018,717
1748627018.4990318,717
1748627018.599031,717
1748627018.6994202,717
1748627018.7996585,716
1748627018.900181,716
1748627019.0005205,716
1748627019.100832,716
1748627019.201259,716
1748627019.3015,716
1748627019.4019425,716
1748627019.502906,716
1748627019.6027281,716
1748627019.7031758,716
1748627019.8034065,716
1748627019.9038858,716
1748627020.0042887,716
1748627020.1045465,716
1748627020.2048848,716
1748627020.3053393,716
1748627020.405732,716
1748627020.5060449,716
1748627020.6065009,717
1748627020.7067957,717
1748627020.807181,717
1748627020.9075475,717
1748627021.0079389,717
1748627021.1083436,717
1748627021.2086368,717
1748627021.309074,717
1748627021.4094682,718
1748627021.5098925,717
1748627021.6102858,717
1748627021.7105842,717
1748627021.8109436,718
1748627021.9113402,717
1748627022.0117042,718
1748627022.1120183,717
1748627022.212524,717
1748627022.3127396,717
1748627022.413067,717
1748627022.5135255,717
1748627022.6138084,717
1748627022.7143075,717
1748627022.814583,717
1748627022.9150007,717
1748627023.0154374,716
1748627023.1157188,716
1748627023.2161634,716
1748627023.3164787,716
1748627023.416849,716
1748627023.5170705,716
1748627023.617578,716
1748627023.7179,716
1748627023.8183687,716
1748627023.9187481,715
1748627024.0191772,715
1748627024.1195035,715
1748627024.219721,715
1748627024.3202085,715
1748627024.4204948,715
1748627024.520864,715
1748627024.6213286,715
1748627024.7216156,715
1748627024.8220232,715
1748627024.9225109,715
1748627025.0227814,715
1748627025.1232443,716
1748627025.223462,716
1748627025.3239152,716
1748627025.424334,716
1748627025.524701,716
1748627025.625062,716
1748627025.7253544,717
1748627025.8257568,717
1748627025.9261508,717
1748627026.0265043,717
1748627026.1269612,717
1748627026.2272072,717
1748627026.3275337,717
1748627026.4284437,717
1748627026.5284157,717
1748627026.6286294,717
1748627026.7290635,717
1748627026.8294802,717
1748627026.9303596,717
1748627027.0303044,717
1748627027.1306305,717
1748627027.2308798,717
1748627027.3314137,717
1748627027.4317665,717
1748627027.5321717,716
1748627027.6324983,716
1748627027.732834,716
1748627027.833227,716
1748627027.933569,716
1748627028.0339916,716
1748627028.1343987,715
1748627028.2350578,715
1748627028.3350575,715
1748627028.4354043,715
1748627028.5358233,715
1748627028.6362495,715
1748627028.7370622,715
1748627028.836885,715
1748627028.9371955,715
1748627029.0375686,715
1748627029.1380346,715
1748627029.238488,715
1748627029.3387346,715
1748627029.4392273,715
1748627029.5395246,715
1748627029.6397767,715
1748627029.740536,715
1748627029.840527,715
1748627029.9409506,715
1748627030.041264,715
1748627030.1416118,716
1748627030.2420459,716
1748627030.3424726,716
1748627030.4428637,716
1748627030.543434,716
1748627030.6435678,716
1748627030.7439446,716
1748627030.8441737,716
1748627030.944613,717
1748627031.0450327,717
1748627031.1453924,717
1748627031.2457514,717
1748627031.3461292,717
1748627031.4464228,717
1748627031.5468128,717
1748627031.6472075,717
1748627031.747955,717
1748627031.8479767,717
1748627031.948464,717
1748627032.0486734,716
1748627032.1491237,716
1748627032.2495425,716
1748627032.3498805,716
1748627032.450328,716
1748627032.550536,716
1748627032.650964,715
1748627032.751442,715
1748627032.85167,715
1748627032.952024,715
1748627033.0523949,715
1748627033.1526754,715
1748627033.2532072,715
1748627033.3535416,715
1748627033.4538858,715
1748627033.5543745,715
1748627033.6546397,715
1748627033.7550385,715
1748627033.855421,715
1748627033.955824,715
1748627034.0562901,715
1748627034.1565762,715
1748627034.257065,715
1748627034.3572876,715
1748627034.4576204,715
1748627034.5579383,716
1748627034.6582942,715
1748627034.7587388,715
1748627034.8591113,716
1748627034.959477,716
1748627035.05983,716
1748627035.1602716,716
1748627035.260644,716
1748627035.3609262,716
1748627035.46126,716
1748627035.5617113,717
1748627035.6621144,717
1748627035.7624676,717
1748627035.8628266,717
1748627035.9631872,717
1748627036.0635164,717
1748627036.1639605,717
1748627036.264374,717
1748627036.3645747,717
1748627036.4649484,717
1748627036.5653312,717
1748627036.6657636,717
1748627036.766195,716
1748627036.866539,716
1748627036.9668567,716
1748627037.0673046,716
1748627037.1676524,716
1748627037.268015,715
1748627037.3683891,715
1748627037.4687023,715
1748627037.5691025,715
1748627037.6695929,715
1748627037.7698596,715
1748627037.870207,715
1748627037.9705598,715
1748627038.0710042,715
1748627038.1714776,714
1748627038.271708,715
1748627038.3721862,715
1748627038.4724438,715
1748627038.5727956,715
1748627038.6732883,715
1748627038.77359,715
1748627038.8739264,715
1748627038.9742963,715
1748627039.0746703,715
1748627039.175105,715
1748627039.27546,715
1748627039.3758755,715
1748627039.4762142,716
1748627039.57659,716
1748627039.6769812,716
1748627039.777365,716
1748627039.8775883,716
1748627039.9780817,716
1748627040.0784502,716
1748627040.178848,717
1748627040.2791784,716
1748627040.3795419,717
1748627040.479891,717
1748627040.580286,717
1748627040.6806352,717
1748627040.7811153,717
1748627040.8813112,717
1748627040.981797,717
1748627041.0821557,717
1748627041.1824434,716
1748627041.2829435,716
1748627041.38327,716
1748627041.4835932,716
1748627041.5839384,716
1748627041.6844172,716
1748627041.7848942,716
1748627041.8849943,716
1748627041.985445,716
1748627042.0857587,715
1748627042.1862643,716
1748627042.286548,716
1748627042.387208,716
1748627042.4873765,716
1748627042.5877216,716
1748627042.688084,715
1748627042.7883728,715
1748627042.8887854,715
1748627042.9891639,715
1748627043.0895367,715
1748627043.189883,715
1748627043.2902205,715
1748627043.3907108,715
1748627043.4909196,715
1748627043.591383,715
1748627043.6917202,715
1748627043.7921536,715
1748627043.8925118,715
1748627043.992946,716
1748627044.0933096,716
1748627044.1936705,716
1748627044.293886,716
1748627044.3943326,716
1748627044.49469,716
1748627044.5951593,716
1748627044.695499,716
1748627044.7958498,717
1748627044.8963444,717
1748627044.9966893,717
1748627045.0970929,717
1748627045.1973143,717
1748627045.297676,717
1748627045.3980687,717
1748627045.4984946,717
1748627045.5987735,717
1748627045.6992424,717
1748627045.799546,717
1748627045.8998907,716
1748627046.0002868,716
1748627046.1008432,716
1748627046.2010643,716
1748627046.3013883,716
1748627046.4017324,715
1748627046.5021226,715
1748627046.6024897,716
1748627046.7028365,716
1748627046.8032951,716
1748627046.9036355,715
1748627047.0039587,715
1748627047.1044147,715
1748627047.204674,715
1748627047.305059,715
1748627047.4054632,715
1748627047.5058203,715
1748627047.606192,715
1748627047.7066765,715
1748627047.8069177,715
1748627047.9071846,715
1748627048.0076463,715
1748627048.1080658,715
1748627048.208405,715
1748627048.3087142,715
1748627048.4092324,715
1748627048.5095284,715
1748627048.6101594,716
1748627048.710414,716
1748627048.8105779,716
1748627048.9111362,716
1748627049.0113776,716
1748627049.111773,716
1748627049.2122426,716
1748627049.3127072,716
1748627049.4128754,717
1748627049.5133445,716
1748627049.61366,717
1748627049.7141392,717
1748627049.814369,717
1748627049.9147844,717
1748627050.0151772,716
1748627050.11551,717
1748627050.2159386,717
1748627050.3163283,717
1748627050.4166403,717
1748627050.5170596,718
1748627050.6174054,718
1748627050.7177165,727
1748627050.8182116,750
1748627050.9185042,783
1748627051.0198987,1023
1748627051.1203003,1023
1748627051.2208233,1022
1748627051.3211727,1023
1748627051.420471,918
1748627051.5207882,899
1748627051.621213,877
1748627051.7214642,861
1748627051.8219664,846
1748627051.922323,841
1748627052.0225918,829
1748627052.1231322,758
1748627052.223483,738
1748627052.3238592,750
1748627052.4241955,750
1748627052.524671,750
1748627052.6248689,750
1748627052.725316,749
1748627052.8256788,749
1748627052.9261253,750
1748627053.027191,750
1748627053.1266408,750
1748627053.2271268,750
1748627053.3274653,750
1748627053.4278498,750
1748627053.5282931,750
1748627053.6285655,750
1748627053.7290328,750
1748627053.829324,750
1748627053.9296827,750
1748627054.030223,750
1748627054.1304958,749
1748627054.2308295,749
1748627054.3313985,749
1748627054.4314933,749
1748627054.5319273,749
1748627054.6323566,748
1748627054.7326982,748
1748627054.833117,748
1748627054.933473,748
1748627055.0339084,747
1748627055.1342945,746
1748627055.2345867,746
1748627055.335033,746
1748627055.4353762,746
1748627055.5357292,745
1748627055.6360297,745
1748627055.736399,745
1748627055.836742,745
1748627055.9371932,745
1748627056.037573,744
1748627056.137874,744
1748627056.238247,744
1748627056.338581,744
1748627056.4390223,744
1748627056.5393572,744
1748627056.6395597,744
1748627056.7401698,743
1748627056.8404565,743
1748627056.9409237,743
1748627057.0412893,743
1748627057.1416507,743
1748627057.2420146,743
1748627057.3423743,743
1748627057.4426708,743
1748627057.5431972,743
1748627057.6438565,743
1748627057.7437856,743
1748627057.8441722,743
1748627057.9445353,743
1748627058.0450294,743
1748627058.1452916,743
1748627058.2456388,742
1748627058.3461478,742
1748627058.4463644,742
1748627058.5468063,742
1748627058.6471145,742
1748627058.7473955,742
1748627058.8478246,741
1748627058.948282,741
1748627059.0485442,741
1748627059.149004,740
1748627059.2493317,740
1748627059.3497038,740
1748627059.4501276,739
1748627059.550486,739
1748627059.6509185,739
1748627059.7512412,738
1748627059.8516028,738
1748627059.9519424,738
1748627060.0523715,738
1748627060.1526284,738
1748627060.2530668,737
1748627060.3534663,738
1748627060.4537935,737
1748627060.5541635,737
1748627060.6545303,737
1748627060.7549312,737
1748627060.8553674,736
1748627060.955603,736
1748627061.0560195,736
1748627061.1563258,736
1748627061.2567725,736
1748627061.3571982,736
1748627061.457509,736
1748627061.557942,736
1748627061.6582596,736
1748627061.7586396,737
1748627061.8590066,736
1748627061.959382,736
1748627062.0596614,736
1748627062.1599896,736
1748627062.2604363,737
1748627062.3608093,736
1748627062.461166,736
1748627062.5616431,736
1748627062.6620011,735
1748627062.762385,735
1748627062.862575,735
1748627062.9630864,735
1748627063.063338,734
1748627063.163669,734
1748627063.2641509,734
1748627063.3644772,734
1748627063.4648468,734
1748627063.5653753,733
1748627063.6655314,733
1748627063.7658782,733
1748627063.8662794,732
1748627063.9667633,732
1748627064.0671875,732
1748627064.1674366,732
1748627064.2677753,732
1748627064.3682692,732
1748627064.4685485,731
1748627064.5689623,731
1748627064.669334,731
1748627064.7696042,731
1748627064.8700776,731
1748627064.9703984,731
1748627065.0708039,731
1748627065.1711404,731
1748627065.2715256,731
1748627065.3719923,731
1748627065.4723394,731
1748627065.5727303,731
1748627065.6730607,731
1748627065.7734203,731
1748627065.8738194,731
1748627065.9742446,731
1748627066.0746732,731
1748627066.1749926,731
1748627066.2752895,731
1748627066.3756065,731
1748627066.475996,731
1748627066.5764706,731
1748627066.6767375,731
1748627066.7771342,731
1748627066.8774354,731
1748627066.9778903,730
1748627067.0782988,730
1748627067.178612,730
1748627067.2789855,730
1748627067.3792756,730
1748627067.4796991,730
1748627067.5801513,729
1748627067.6803496,729
1748627067.7806668,728
1748627067.8812373,728
1748627067.981522,728
1748627068.0819843,727
1748627068.1823552,727
1748627068.28258,727
1748627068.3830454,727
1748627068.4833481,727
1748627068.5838094,727
1748627068.6841342,727
1748627068.784721,727
1748627068.8848205,727
1748627068.9852529,727
1748627069.0856078,726
1748627069.1859758,726
1748627069.286307,727
1748627069.3866892,727
1748627069.4870744,726
1748627069.5874555,726
1748627069.687833,726
1748627069.78821,727
1748627069.888446,727
1748627069.9889722,727
1748627070.089301,727
1748627070.1895864,727
1748627070.2900662,727
1748627070.3904345,727
1748627070.490748,727
1748627070.5912557,727
1748627070.6914968,727
1748627070.7918205,727
1748627070.8922644,727
1748627070.9926577,727
1748627071.0929828,727
1748627071.193406,726
1748627071.2937076,726
1748627071.3941364,726
1748627071.49442,726
1748627071.5949738,726
1748627071.6951878,725
1748627071.7955868,725
1748627071.8958738,725
1748627071.9963832,725
1748627072.0967453,724
1748627072.1971543,725
1748627072.2975268,724
1748627072.3978562,724
1748627072.4982333,724
1748627072.59862,724
1748627072.6990895,723
1748627072.7992692,723
1748627072.8995488,723
1748627073.0001378,723
1748627073.1004293,723
1748627073.2008202,723
1748627073.3010728,723
1748627073.4015074,723
1748627073.5019672,723
1748627073.602299,723
1748627073.7025795,723
1748627073.8030467,723
1748627073.90336,723
1748627074.003742,723
1748627074.1041355,723
1748627074.2044914,724
1748627074.3048532,724
1748627074.4052289,724
1748627074.5055926,723
1748627074.6060562,723
1748627074.7063274,723
1748627074.806697,723
1748627074.90714,724
1748627075.0073938,724
1748627075.1078641,723
1748627075.2081966,723
1748627075.3084655,723
1748627075.4089437,723
1748627075.5095866,723
1748627075.6101217,722
1748627075.710677,722
1748627075.810414,722
1748627075.9112813,722
1748627076.0113685,721
1748627076.111674,721
1748627076.2117453,721
1748627076.3123858,721
1748627076.412521,721
1748627076.512973,720
1748627076.6131623,720
1748627076.713558,720
1748627076.8148475,720
1748627076.91444,720
1748627077.0150528,720
1748627077.1155446,719
1748627077.2160277,720
1748627077.3160796,720
1748627077.4165428,719
1748627077.516948,720
1748627077.6176448,720
1748627077.7178123,720
1748627077.8176723,720
1748627077.9181674,720
1748627078.0185614,720
1748627078.1189973,720
1748627078.219278,720
1748627078.3197114,720
1748627078.4200401,720
1748627078.520398,720
1748627078.621859,721
1748627078.7211902,721
1748627078.8215802,720
1748627078.921945,720
1748627079.022333,720
1748627079.1227112,720
1748627079.2229505,720
1748627079.3235288,720
1748627079.423761,720
1748627079.524124,720
1748627079.6245058,720
1748627079.7248328,720
1748627079.825283,719
1748627079.925569,719
1748627080.0259397,719
1748627080.1263506,719
1748627080.2266777,719
1748627080.327012,719
1748627080.4272254,719
1748627080.5277941,718
1748627080.6283767,718
1748627080.7284954,718
1748627080.8289268,718
1748627080.9292853,718
1748627081.0295842,718
1748627081.1299243,718
1748627081.230401,718
1748627081.3307548,718
1748627081.4311278,718
1748627081.531346,718
1748627081.63181,718
1748627081.732294,718
1748627081.832566,718
1748627081.9330192,718
1748627082.033297,718
1748627082.1338942,718
1748627082.2342026,719
1748627082.3344824,718
1748627082.4349475,719
1748627082.5352168,719
1748627082.635922,719
1748627082.7358181,719
1748627082.8363724,719
1748627082.9367337,719
1748627083.0370884,719
1748627083.1374729,720
1748627083.2379198,719
1748627083.3382778,719
1748627083.4385624,719
1748627083.5390413,719
1748627083.639195,719
1748627083.739609,719
1748627083.8400922,719
1748627083.9404275,719
1748627084.0407946,719
1748627084.1411855,718
1748627084.2415636,718
1748627084.3419044,718
1748627084.4422734,718
1748627084.5426166,718
1748627084.6429656,718
1748627084.7433672,718
1748627084.8437407,718
1748627084.9442127,717
1748627085.0444815,717
1748627085.1448753,717
1748627085.245268,717
1748627085.345654,717
1748627085.4460096,717
1748627085.5463505,717
1748627085.646704,717
1748627085.7471275,717
1748627085.8474636,717
1748627085.947931,717
1748627086.0482378,717
1748627086.1485922,717
1748627086.2489977,717
1748627086.3492882,717
1748627086.4497046,717
1748627086.5500782,718
1748627086.6504817,718
1748627086.7507987,718
1748627086.8510993,718
1748627086.9514098,718
1748627087.0522654,718
1748627087.1522968,718
1748627087.25265,718
1748627087.3529656,718
1748627087.453384,718
1748627087.5537236,718
1748627087.654172,718
1748627087.7544224,718
1748627087.8548152,718
1748627087.9552538,718
1748627088.0556588,718
1748627088.1560757,718
1748627088.2563548,718
1748627088.3566153,717
1748627088.4573846,717
1748627088.5575578,718
1748627088.6579173,717
1748627088.7582617,717
1748627088.858569,717
1748627088.9589717,717
1748627089.059318,717
1748627089.1596575,716
1748627089.2600558,716
1748627089.3603485,716
1748627089.4608185,716
1748627089.5611477,716
1748627089.6616201,716
1748627089.7620766,716
1748627089.8622336,716
1748627089.9626527,716
1748627090.0630348,716
1748627090.163323,716
1748627090.2637568,716
1748627090.3641257,717
1748627090.4647148,717
1748627090.5647717,717
1748627090.6652522,717
1748627090.7655501,717
1748627090.8660116,717
1748627090.9662793,717
1748627091.0667799,717
1748627091.1671948,717
1748627091.2675653,717
1748627091.3678083,717
1748627091.4682448,718
1748627091.568597,718
1748627091.669093,718
1748627091.7693338,717
1748627091.8695977,718
1748627091.9701622,718
1748627092.0705144,718
1748627092.1708107,718
1748627092.2712784,718
1748627092.3715007,717
1748627092.4720128,717
1748627092.5723708,717
1748627092.6726978,717
1748627092.7731602,717
1748627092.87336,717
1748627092.973801,716
1748627093.0742755,716
1748627093.1745448,716
1748627093.2749057,716
1748627093.3751457,716
1748627093.4756944,716
1748627093.5760753,716
1748627093.6763434,716
1748627093.7768786,716
1748627093.877242,716
1748627093.977401,716
1748627094.077982,716
1748627094.1783142,716
1748627094.2786043,716
1748627094.379252,716
1748627094.479462,716
1748627094.5798743,716
1748627094.6800613,716
1748627094.780369,717
1748627094.8807762,717
1748627094.9812686,716
1748627095.081614,717
1748627095.182058,717
1748627095.2824247,717
1748627095.3826284,717
1748627095.4831464,717
1748627095.5835493,717
1748627095.6838758,717
1748627095.784209,717
1748627095.8845155,717
1748627095.9849272,717
1748627096.0853465,717
1748627096.1857316,717
1748627096.2861226,717
1748627096.3863907,717
1748627096.4867883,717
1748627096.5872,717
1748627096.6874938,717
1748627096.7880502,717
1748627096.8882582,717
1748627096.9886842,717
1748627097.0889697,716
1748627097.1896133,716
1748627097.2897654,716
1748627097.3901205,716
1748627097.4905329,716
1748627097.5908625,716
1748627097.6912148,716
1748627097.7916312,715
1748627097.8918562,715
1748627097.9923394,715
1748627098.0926468,716
1748627098.1931536,716
1748627098.293406,716
1748627098.3937318,716
1748627098.4942236,715
1748627098.59477,715
1748627098.6949406,715
1748627098.7953148,716
1748627098.8957014,716
1748627098.996031,716
1748627099.0964096,716
1748627099.1975374,716
1748627099.2972324,716
1748627099.3975983,717
1748627099.4980426,717
1748627099.5983315,717
1748627099.6986043,717
1748627099.7990563,717
1748627099.8995042,717
1748627099.9998546,717
1748627100.1002758,717
1748627100.201045,717
1748627100.3009436,717
1748627100.401328,717
1748627100.5016878,717
1748627100.602194,718
1748627100.7023106,717
1748627100.8028493,717
1748627100.9032166,717
1748627101.0035172,717
1748627101.1039426,717
1748627101.2042885,717
1748627101.3046777,716
1748627101.4050658,716
1748627101.5053866,716
1748627101.605845,716
1748627101.706276,716
1748627101.8064737,716
1748627101.9069364,716
1748627102.0072162,716
1748627102.1075711,716
1748627102.2080402,716
1748627102.3083014,715
1748627102.4086895,715
1748627102.509129,715
1748627102.6095068,716
1748627102.7099462,716
1748627102.8101892,716
1748627102.9105399,716
1748627103.010944,716
1748627103.1112967,716
1748627103.2116375,716
1748627103.3118913,716
1748627103.4123907,716
1748627103.5127673,717
1748627103.6132047,717
1748627103.7136412,717
1748627103.813848,717
1748627103.9141715,717
1748627104.0146875,717
1748627104.1150403,717
1748627104.215514,717
1748627104.3157172,717
1748627104.4160955,717
1748627104.5164735,717
1748627104.6169534,718
1748627104.717219,717
1748627104.817665,717
1748627104.9179597,717
1748627105.0184019,717
1748627105.1187427,717
1748627105.2192008,717
1748627105.3195033,717
1748627105.4198256,717
1748627105.520202,716
1748627105.6206412,717
1748627105.7210588,716
1748627105.82133,716
1748627105.921668,716
1748627106.0221817,716
1748627106.1224332,716
1748627106.2229416,716
1748627106.3231463,716
1748627106.4235559,716
1748627106.5240128,716
1748627106.624312,716
1748627106.724672,716
1748627106.8250947,716
1748627106.9254189,715
1748627107.026196,716
1748627107.12616,716
1748627107.2264051,716
1748627107.3269823,716
1748627107.4272928,716
1748627107.5276473,716
1748627107.6280024,716
1748627107.7282672,716
1748627107.8286607,716
1748627107.9291756,717
1748627108.0294623,717
1748627108.1299343,717
1748627108.2301679,717
1748627108.330435,717
1748627108.431043,717
1748627108.5313768,717
1748627108.6316733,717
1748627108.7319453,717
1748627108.8323708,718
1748627108.9328108,717
1748627109.0331573,717
1748627109.133497,717
1748627109.2338068,718
1748627109.3342533,717
1748627109.4346964,718
1748627109.5352266,717
1748627109.6353698,717
1748627109.7356691,717
1748627109.8361998,717
1748627109.9365056,717
1748627110.0369954,717
1748627110.137147,716
1748627110.2375777,716
1748627110.3380823,716
1748627110.438466,716
1748627110.5388172,716
1748627110.6391196,716
1748627110.7395735,716
1748627110.8398974,716
1748627110.9403126,716
1748627111.0405622,716
1748627111.14143,716
1748627111.2413604,716
1748627111.341808,716
1748627111.4421566,716
1748627111.5426817,716
1748627111.6428945,716
1748627111.7431626,716
1748627111.8435104,716
1748627111.943978,716
1748627112.044345,716
1748627112.144825,716
1748627112.2451031,716
1748627112.345456,716
1748627112.4458225,717
1748627112.5462773,717
1748627112.6466181,717
1748627112.7468648,717
1748627112.8473547,717
1748627112.9477992,717
1748627113.0479898,717
1748627113.148442,717
1748627113.248789,717
1748627113.3491662,717
1748627113.4494908,717
1748627113.5498946,717
1748627113.6502516,717
1748627113.7505736,717
1748627113.8510702,718
1748627113.9513943,717
1748627114.0520034,717
1748627114.1520772,717
1748627114.252337,717
1748627114.352899,717
1748627114.453254,717
1748627114.5536504,716
1748627114.6539304,716
1748627114.7542453,716
1748627114.8548114,716
1748627114.955155,716
1748627115.0555258,716
1748627115.1559186,716
1748627115.2561145,716
1748627115.3566296,716
1748627115.4569688,715
1748627115.5573528,716
1748627115.6576166,716
1748627115.7580884,715
1748627115.8584635,716
1748627115.958777,716
1748627116.0591981,716
1748627116.1594138,716
1748627116.2599277,716
1748627116.360303,716
1748627116.4606156,716
1748627116.5610652,716
1748627116.6613963,716
1748627116.7621357,716
1748627116.862116,717
1748627116.96252,717
1748627117.0628502,717
1748627117.16326,717
1748627117.2638593,717
1748627117.3640604,717
1748627117.46431,717
1748627117.5647988,717
1748627117.6651561,717
1748627117.7656958,717
1748627117.8658514,718
1748627117.966236,718
1748627118.0666397,717
1748627118.1670597,717
1748627118.2673035,717
1748627118.3679001,718
1748627118.4681435,718
1748627118.568492,717
1748627118.6687827,717
1748627118.7691817,717
1748627118.8695881,717
1748627118.9699154,717
1748627119.0703335,717
1748627119.1706905,717
1748627119.2711425,717
1748627119.3713512,717
1748627119.4717693,716
1748627119.5724554,716
1748627119.6725326,716
1748627119.7729616,716
1748627119.873284,716
1748627119.9735198,716
1748627120.074038,716
1748627120.1744094,716
1748627120.2747707,716
1748627120.3750935,716
1748627120.4753718,716
1748627120.5758655,716
1748627120.6762214,716
1748627120.7766032,716
1748627120.8770328,716
1748627120.9773061,716
1748627121.0777624,716
1748627121.1781266,716
1748627121.2784898,716
1748627121.3788526,717
1748627121.4794269,717
1748627121.5795715,717
1748627121.6799574,717
1748627121.780414,717
1748627121.8807647,717
1748627121.9810913,717
1748627122.081509,717
1748627122.181969,718
1748627122.2820358,718
1748627122.383018,718
1748627122.4832897,718
1748627122.5831723,718
1748627122.683654,718
1748627122.7840621,718
1748627122.8843968,718
1748627122.9847507,718
1748627123.0850778,718
1748627123.1855183,718
1748627123.2859776,717
1748627123.3863268,717
1748627123.4865189,717
1748627123.5870335,717
1748627123.6873581,717
1748627123.7877772,717
1748627123.8881168,717
1748627123.9884095,716
1748627124.088936,717
1748627124.1892161,717
1748627124.2896616,716
1748627124.3899777,716
1748627124.4903636,716
1748627124.59059,716
1748627124.6910965,716
1748627124.7914941,716
1748627124.8919327,716
1748627124.9921994,716
1748627125.0928044,717
1748627125.1930263,716
1748627125.2932856,716
1748627125.3937483,716
1748627125.4941387,716
1748627125.5943916,717
1748627125.6948373,717
1748627125.795359,717
1748627125.89556,717
1748627125.9960308,717
1748627126.096168,717
1748627126.1965387,717
1748627126.2969553,718
1748627126.3973322,718
1748627126.4978309,718
1748627126.598116,718
1748627126.69842,718
1748627126.798855,718
1748627126.8992639,718
1748627126.9995706,718
1748627127.099994,718
1748627127.2004092,718
1748627127.3007464,718
1748627127.401108,718
1748627127.5013857,718
1748627127.6019328,718
1748627127.7024262,718
1748627127.8026636,718
1748627127.9030342,717
1748627128.0032942,717
1748627128.103738,718
1748627128.204105,718
1748627128.3044746,719
1748627128.4048166,719
1748627128.5051348,719
1748627128.6055918,718
1748627128.7059827,720
1748627128.806275,732
1748627128.9065654,749
1748627129.0070097,745
1748627129.1074314,927
1748627129.2088575,1023
1748627129.3092735,1023
1748627129.408641,980
1748627129.508942,973
1748627129.6092362,912
1748627129.7098274,893
1748627129.8100574,879
1748627129.9103575,868
1748627130.0108938,872
1748627130.1111662,867
1748627130.2115924,839
1748627130.311789,825
1748627130.41227,823
1748627130.512678,808
1748627130.6129155,806
1748627130.7133722,806
1748627130.8137403,805
1748627130.914103,805
1748627131.0145934,804
1748627131.1149268,804
1748627131.2152762,803
1748627131.3156428,803
1748627131.4160872,803
1748627131.5165267,802
1748627131.6167064,802
1748627131.71711,801
1748627131.817551,801
1748627131.9179044,801
1748627132.018433,800
1748627132.118663,799
1748627132.219056,799
1748627132.3193796,798
1748627132.4198196,798
1748627132.5201101,796
1748627132.6203895,796
1748627132.7207825,795
1748627132.821259,795
1748627132.9216552,794
1748627133.0220182,793
1748627133.122377,793
1748627133.2226315,792
1748627133.3229575,792
1748627133.4234877,792
1748627133.5239308,791
1748627133.6241837,790
1748627133.7246163,790
1748627133.824858,789
1748627133.9253788,789
1748627134.0257287,788
1748627134.126093,788
1748627134.226307,787
1748627134.3268936,787
1748627134.4271743,787
1748627134.5275373,786
1748627134.6279593,786
1748627134.728164,786
1748627134.8285463,785
1748627134.9289925,785
1748627135.0295844,785
1748627135.129798,784
1748627135.2300556,784
1748627135.3305342,784
1748627135.4309003,784
1748627135.5313146,784
1748627135.6316113,784
1748627135.7319272,783
1748627135.8323667,783
1748627135.9328284,783
1748627136.0331256,782
1748627136.1334221,782
1748627136.2337675,781
1748627136.3342514,781
1748627136.434762,780
1748627136.5349822,780
1748627136.6353567,780
1748627136.735578,779
1748627136.8360841,778
1748627136.936461,778
1748627137.036895,778
1748627137.137248,777
1748627137.2375658,776
1748627137.3378465,776
1748627137.4383836,776
1748627137.5388117,775
1748627137.6391506,775
1748627137.7395666,774
1748627137.8398085,774
1748627137.9401643,774
1748627138.0405586,773
1748627138.140996,773
1748627138.2414083,772
1748627138.3417196,772
1748627138.4419851,772
1748627138.5423808,771
1748627138.6428018,771
1748627138.7431543,771
1748627138.8434987,771
1748627138.9437563,771
1748627139.0442815,770
1748627139.144584,770
1748627139.2450585,770
1748627139.3453429,770
1748627139.4456935,770
1748627139.5461464,770
1748627139.6464527,770
1748627139.7468717,769
1748627139.8471565,769
1748627139.9474669,769
1748627140.0480614,769
1748627140.148327,768
1748627140.249015,768
1748627140.3490658,768
1748627140.4493647,767
1748627140.5498688,767
1748627140.6501644,767
1748627140.7505164,767
1748627140.850893,766
1748627140.9512458,766
1748627141.0515034,766
1748627141.1520817,765
1748627141.2529163,765
1748627141.352778,765
1748627141.453051,764
1748627141.5534163,763
1748627141.653889,763
1748627141.7543035,763
1748627141.854688,762
1748627141.9549594,762
1748627142.0553737,761
1748627142.155772,761
1748627142.2560854,760
1748627142.3564157,760
1748627142.4567783,760
1748627142.5571537,759
1748627142.6575093,759
1748627142.7580247,759
1748627142.8582861,758
1748627142.9586918,758
1748627143.0590537,758
1748627143.159435,758
1748627143.2598693,757
1748627143.3602228,757
1748627143.4604886,757
1748627143.5609636,757
1748627143.6613133,756
1748627143.761696,756
1748627143.8620605,756
1748627143.9622505,756
1748627144.0627663,756
1748627144.163136,756
1748627144.2634609,756
1748627144.3639634,756
1748627144.4642093,756
1748627144.5645916,755
1748627144.6650376,755
1748627144.7655737,755
1748627144.8656619,755
1748627144.9661026,754
1748627145.0664597,754
1748627145.1668375,754
1748627145.2672431,754
1748627145.3675468,754
1748627145.4679399,753
1748627145.5683353,753
1748627145.6686883,753
1748627145.769077,753
1748627145.8694363,752
1748627145.96982,751
1748627146.0701497,751
1748627146.170533,751
1748627146.270991,750
1748627146.3713107,750
1748627146.4717336,750
1748627146.57204,750
1748627146.6723845,749
1748627146.772894,749
1748627146.873142,749
1748627146.9735053,748
1748627147.0739596,748
1748627147.1742144,748
1748627147.2745585,748
1748627147.374927,747
1748627147.475309,747
1748627147.57566,747
1748627147.6759913,747
1748627147.7764945,747
1748627147.8768497,747
1748627147.9771178,747
1748627148.0775232,746
1748627148.1779103,746
1748627148.2783608,747
1748627148.378662,746
1748627148.479024,746
1748627148.5794876,746
1748627148.6799252,747
1748627148.780211,746
1748627148.8805723,746
1748627148.9808705,746
1748627149.081258,746
1748627149.1816797,746
1748627149.2820141,746
1748627149.3823962,746
1748627149.4827366,746
1748627149.5830889,746
1748627149.6833627,746
1748627149.7838492,746
1748627149.8843892,746
1748627149.98455,746
1748627150.0850382,745
1748627150.1853714,745
1748627150.2857776,745
1748627150.3861022,745
1748627150.4862893,744
1748627150.586724,744
1748627150.6871588,744
1748627150.7876475,743
1748627150.8879564,743
1748627150.9882514,743
1748627151.0890706,743
1748627151.1888938,742
1748627151.2895403,742
1748627151.389788,742
1748627151.4901242,742
1748627151.5905535,742
1748627151.6909087,742
1748627151.7917192,741
1748627151.8916688,741
1748627151.9919267,741
1748627152.092266,741
1748627152.1927266,741
1748627152.293087,740
1748627152.3933778,740
1748627152.4938061,740
1748627152.5941818,740
1748627152.694503,740
1748627152.795056,740
1748627152.895329,740
1748627152.995635,740
1748627153.0964878,740
1748627153.1967075,740
1748627153.2968004,740
1748627153.3971672,740
1748627153.4974678,740
1748627153.5979848,740
1748627153.6982744,740
1748627153.7987387,740
1748627153.899004,740
1748627153.9998765,740
1748627154.0998404,740
1748627154.200208,740
1748627154.3004353,740
1748627154.4009886,740
1748627154.5015762,739
1748627154.6016366,739
1748627154.701892,739
1748627154.8023252,739
1748627154.9027228,739
1748627155.003062,739
1748627155.1035452,739
1748627155.2038968,738
1748627155.30415,738
1748627155.4046338,738
1748627155.5051236,738
1748627155.6056724,737
1748627155.7057168,737
1748627155.8060608,737
1748627155.906379,736
1748627156.0067728,736
1748627156.1070573,736
1748627156.2075164,736
1748627156.307844,735
1748627156.4083023,735
1748627156.508738,735
1748627156.6089537,735
1748627156.7093215,735
1748627156.810095,735
1748627156.9101129,734
1748627157.0104635,734
1748627157.1108336,734
1748627157.211186,734
1748627157.3116508,734
1748627157.4119787,734
1748627157.5122497,734
1748627157.6127121,734
1748627157.7130623,734
1748627157.8133788,734
1748627157.9137774,734
1748627158.0141718,734
1748627158.1145194,734
1748627158.2149515,734
1748627158.3154593,734
1748627158.4158645,734
1748627158.5158246,734
1748627158.616608,734
1748627158.7166746,734
1748627158.8171701,734
1748627158.9174185,734
1748627159.0177393,734
1748627159.1181822,734
1748627159.2186089,734
1748627159.3189166,734
1748627159.4193313,733
1748627159.5196078,733
1748627159.6200025,733
1748627159.7204072,733
1748627159.8208263,733
1748627159.9212224,733
1748627160.0217128,732
1748627160.121909,732
1748627160.22233,732
1748627160.322619,732
1748627160.4230964,731
1748627160.5233572,731
1748627160.6238766,731
1748627160.7241893,731
1748627160.8246052,730
1748627160.9248865,730
1748627161.025201,730
1748627161.1256037,730
1748627161.226038,730
1748627161.3263803,729
1748627161.4267735,729
1748627161.5269985,729
1748627161.6276517,729
1748627161.7277763,729
1748627161.828421,729
1748627161.928492,728
1748627162.0287683,728
1748627162.1292174,729
1748627162.2296665,729
1748627162.329964,729
1748627162.4310386,728
1748627162.5308704,729
1748627162.6315753,729
1748627162.7314577,729
1748627162.831888,729
1748627162.9325485,729
1748627163.0329628,729
1748627163.1329737,729
1748627163.233404,729
1748627163.3338447,729
1748627163.4345365,729
1748627163.534826,729
1748627163.6351519,729
1748627163.735393,729
1748627163.8359234,728
1748627163.9362605,728
1748627164.0364206,728
1748627164.1365786,728
1748627164.2370112,728
1748627164.3373125,728
1748627164.4377847,728
1748627164.5382903,728
1748627164.638473,727
1748627164.7388911,727
1748627164.8392546,727
1748627164.9396963,727
1748627165.0400975,727
1748627165.1406634,727
1748627165.2406507,727
1748627165.3410401,727
1748627165.4414463,727
1748627165.5420952,726
1748627165.642288,726
1748627165.7425818,726
1748627165.843009,726
1748627165.9433234,725
1748627166.0436804,726
1748627166.1441398,725
1748627166.2444715,725
1748627166.345153,725
1748627166.4451807,725
1748627166.5456378,725
1748627166.6462939,725
1748627166.7463744,725
1748627166.8467312,725
1748627166.9471238,725
1748627167.0475802,725
1748627167.1478539,725
1748627167.2482152,725
1748627167.3486798,725
1748627167.4487832,725
1748627167.5493286,725
1748627167.6496494,725
1748627167.7502317,725
1748627167.8504024,725
1748627167.9508376,726
1748627168.0511835,725
1748627168.1514776,725
1748627168.251933,725
1748627168.3521733,726
1748627168.4528565,726
1748627168.5530365,726
1748627168.653315,725
1748627168.753606,725
1748627168.854123,725
1748627168.9544528,726
1748627169.0548654,725
1748627169.1553636,725
1748627169.2556653,725
1748627169.355997,725
1748627169.456615,725
1748627169.556747,724
1748627169.657017,724
1748627169.7574728,724
1748627169.8578584,724
1748627169.9581757,724
1748627170.0585763,724
1748627170.1588392,723
1748627170.2592902,723
1748627170.3596618,723
1748627170.460047,723
1748627170.5603788,723
1748627170.6609316,722
1748627170.7610817,722
1748627170.861417,722
1748627170.961938,722
1748627171.0622108,722
1748627171.1628022,722
1748627171.2630196,722
1748627171.3634017,722
1748627171.4637403,722
1748627171.5641017,722
1748627171.6643767,722
1748627171.7649076,722
1748627171.865168,722
1748627171.9655871,722
1748627172.065909,722
1748627172.166255,722
1748627172.266744,722
1748627172.3670912,723
1748627172.4674656,723
1748627172.5679095,723
1748627172.6681244,723
1748627172.7685606,723
1748627172.8689356,723
1748627172.9693074,723
1748627173.06974,723
1748627173.170269,723
1748627173.2706375,723
1748627173.3708234,723
1748627173.4712076,723
1748627173.5715678,723
1748627173.671815,723
1748627173.7722986,723
1748627173.8726597,722
1748627173.9730177,722
1748627174.0733793,722
1748627174.1736937,722
1748627174.2741036,722
1748627174.3744373,721
1748627174.4748206,721
1748627174.5751534,721
1748627174.67563,721
1748627174.7758844,721
1748627174.876357,720
1748627174.9767182,720
1748627175.0770938,720
1748627175.1773236,720
1748627175.277825,720
1748627175.3782003,720
1748627175.4786575,719
1748627175.5788586,720
1748627175.6791604,720
1748627175.7796063,720
1748627175.8799355,720
1748627175.9803648,720
1748627176.080794,720
1748627176.1810381,720
1748627176.2814567,719
1748627176.3818965,719
1748627176.4822218,720
1748627176.582542,720
1748627176.6828468,720
1748627176.7837102,720
1748627176.8836946,720
1748627176.9840057,720
1748627177.0844054,720
1748627177.1850083,720
1748627177.285136,720
1748627177.385337,720
1748627177.4858747,721
1748627177.5862968,721
1748627177.6865997,721
1748627177.7870433,721
1748627177.8874228,721
1748627177.987848,721
1748627178.088207,720
1748627178.1885865,720
1748627178.2888908,721
1748627178.3892634,721
1748627178.4896927,720
1748627178.5900521,720
1748627178.6905534,720
1748627178.7906604,720
1748627178.8910863,720
1748627178.9915314,720
1748627179.091873,720
1748627179.1922884,719
1748627179.2926147,719
1748627179.3932874,719
1748627179.4934025,719
1748627179.5937982,719
1748627179.6940143,719
1748627179.7943566,719
1748627179.894808,719
1748627179.995192,719
1748627180.095528,718
1748627180.1959732,718
1748627180.2963333,718
1748627180.396658,718
1748627180.4969969,718
1748627180.59742,719
1748627180.6979442,718
1748627180.7981327,718
1748627180.8986106,718
1748627180.99893,719
1748627181.0992916,719
1748627181.199736,719
1748627181.3000755,719
1748627181.400381,719
1748627181.500774,720
1748627181.601086,720
1748627181.701579,720
1748627181.8018074,719
1748627181.9022565,720
1748627182.0025926,719
1748627182.102988,719
1748627182.2037163,719
1748627182.3037925,719
1748627182.4041245,719
1748627182.50479,719
1748627182.6047776,719
1748627182.7052073,719
1748627182.8055995,719
1748627182.9058557,719
1748627183.0063193,719
1748627183.1071544,719
1748627183.2069476,718
1748627183.3075163,718
1748627183.4078283,718
1748627183.5081959,718
1748627183.6086102,718
1748627183.7089458,718
1748627183.809435,718
1748627183.909743,718
1748627184.0100691,719
1748627184.1105094,719
1748627184.210709,718
1748627184.3111415,718
1748627184.4118292,718
1748627184.511912,718
1748627184.612176,718
1748627184.712712,718
1748627184.8129206,718
1748627184.9134223,718
1748627185.0138404,718
1748627185.1140833,718
1748627185.2145216,718
1748627185.3147388,718
1748627185.4151525,719
1748627185.5155973,718
1748627185.6159644,718
1748627185.7163718,718
1748627185.8166687,718
1748627185.9170384,718
1748627186.017422,718
1748627186.1178596,718
1748627186.218202,718
1748627186.3186898,718
1748627186.4188747,718
1748627186.5193472,718
1748627186.619681,718
1748627186.7200267,718
1748627186.8206968,719
1748627186.9207337,718
1748627187.0211558,718
1748627187.1215005,718
1748627187.222013,718
1748627187.322289,718
1748627187.4226441,718
1748627187.5228941,718
1748627187.6233234,718
1748627187.7237592,718
1748627187.8240676,718
1748627187.9243708,718
1748627188.024776,718
1748627188.125206,718
1748627188.2256832,718
1748627188.3259532,718
1748627188.4263308,718
1748627188.5265942,718
1748627188.627187,718
1748627188.727613,718
1748627188.8278437,718
1748627188.928166,718
1748627189.0286243,718
1748627189.1293755,718
1748627189.229381,718
1748627189.3298275,718
1748627189.4300294,718
1748627189.5304935,718
1748627189.630864,718
1748627189.7313066,718
1748627189.831574,718
1748627189.9318464,718
1748627190.0323443,718
1748627190.1327116,718
1748627190.2330382,718
1748627190.3334918,718
1748627190.433718,718
1748627190.5341303,718
1748627190.6345763,718
1748627190.7349331,718
1748627190.835268,718
1748627190.9355614,718
1748627191.0360205,718
1748627191.136394,718
1748627191.2368376,718
1748627191.337088,718
1748627191.437401,718
1748627191.5378351,718
1748627191.638179,718
1748627191.738554,718
1748627191.8391097,718
1748627191.939378,718
1748627192.039746,718
1748627192.1401575,718
1748627192.2405808,718
1748627192.3408313,718
1748627192.4411416,718
1748627192.5414393,718
1748627192.6419103,718
1748627192.742402,718
1748627192.8426538,718
1748627192.9430175,718
1748627193.0434775,718
1748627193.1438313,718
1748627193.2442439,718
1748627193.3445404,718
1748627193.444933,718
1748627193.5453167,718
1748627193.6456497,718
1748627193.7460225,718
1748627193.8463502,718
1748627193.9467254,718
1748627194.0470893,718
1748627194.1475558,718
1748627194.2481732,718
1748627194.3482935,718
1748627194.448622,718
1748627194.5490165,718
1748627194.6492958,718
1748627194.7506864,718
1748627194.850167,718
1748627194.9505568,718
1748627195.050919,718
1748627195.151268,718
1748627195.2516956,718
1748627195.351996,718
1748627195.4522176,718
1748627195.5527391,718
1748627195.653023,718
1748627195.7534816,719
1748627195.8537998,718
1748627195.954205,718
1748627196.0545528,718
1748627196.1549087,718
1748627196.2553236,718
1748627196.3557286,718
1748627196.4562175,718
1748627196.5564659,718
1748627196.6567514,718
1748627196.7571554,718
1748627196.8575153,718
1748627196.9579039,718
1748627197.0582218,718
1748627197.1586056,718
1748627197.258894,718
1748627197.359267,718
1748627197.4597983,718
1748627197.5599437,718
1748627197.6604574,718
1748627197.7607534,718
1748627197.8613524,718
1748627197.9615831,718
1748627198.0619226,718
1748627198.162291,718
1748627198.2626839,717
1748627198.3630693,718
1748627198.463347,718
1748627198.5638566,718
1748627198.6642177,718
1748627198.7644658,719
1748627198.864934,719
1748627198.9652922,718
1748627199.065717,719
1748627199.1659737,717
1748627199.266346,719
1748627199.3670795,719
